{
    "realsense_right_color_optical_frame": {
        "transform": {
            "translation": {
                "x": 0.033053761732931564,
                "y": 0.5866621327542859,
                "z": 1.4966744280250448
            },
            "rotation": {
                "x": 0.28759736771986144,
                "y": 0.7511674004194062,
                "z": -0.548945075393139,
                "w": 0.22736446543064437
            }
        }
    },
    "realsense_left_color_optical_frame": {
        "transform": {
            "translation": {
                "x": 0.019030970409628464,
                "y": 0.5856839401125908,
                "z": 1.5119743965752308
            },
            "rotation": {
                "x": 0.7452943778860968,
                "y": 0.29676215359526825,
                "z": -0.2261962657199214,
                "w": 0.5525430338945577
            }
        }
    },
    "realsense_top_color_optical_frame": {
        "transform": {
            "translation": {
                "x": 0.134807502020321,
                "y": 0.758366836316105,
                "z": 1.1729293893563986
            },
            "rotation": {
                "x": 0.5816512436538933,
                "y": -0.7997064627661866,
                "z": 0.10871623803973826,
                "w": 0.10164714993206533
            }
        }
    }
}
